Key,Item_Type,Publication_Year,Author,Title,Publication_Title,ISBN,ISSN,DOI,Url,Abstract_Note,Date,Date_Added,Date_Modified,Access_Date,Pages,Num_Pages,Issue,Volume,Number_Of_Volumes,Journal_Abbreviation,Short_Title,Series,Series_Number,Series_Text,Series_Title,Publisher,Place,Language,Rights,Type,Archive,Archive_Location,Library_Catalog,Call_Number,Extra,Notes,File_Attachments,Link_Attachments,Manual_Tags,Automatic_Tags,Editor,Series_Editor,Translator,Contributor,Attorney_Agent,Book_Author,Cast_Member,Commenter,Composer,Cosponsor,Counsel,Interviewer,Producer,Recipient,Reviewed_Author,Scriptwriter,Words_By,Guest,Number,Edition,Running_Time,Scale,Medium,Artwork_Size,Filing_Date,Application_Number,Assignee,Issuing_Authority,Country,Meeting_Name,Conference_Name,Court,References,Reporter,Legal_Status,Priority_Numbers,Programming_Language,Version,System,Code,Code_Number,Section,Session,Committee,History,Legislative_Body
"4ASQWQ2B","journalArticle","2013","Padhye, Anand D.; Sayyed, Amit; Jadhav, Anushree; Dahanukar, Neelesh","Raorchestes ghatei, a new species of shrub frog (Anura: Rhacophoridae) from the Western Ghats of Maharashtra, India","Journal of Threatened Taxa","","","","http://threatenedtaxa.org/index.php/JoTT/article/view/1521","","2013","2016-08-10 08:47:40","2016-08-10 08:47:40","2016-08-10 08:47:40","4913–4931","","15","5","","","Raorchestes ghatei, a new species of shrub frog (Anura","","","","","","","","","","","","Google Scholar","","","","/Volumes/Doc/Zotero/storage/FNVES6HJ/2788.html; /Volumes/Doc/Zotero/storage/RV6N2SRF/1521.html","","","","","","","","","","","","","","","","","","","","","","","","","","","","","","","","","","","","","","","","","","","","","","","","",""
"XCG39N3W","journalArticle","2007","Padhye, Anand D.; Paingankar, Mandar; Dahanukar, Neelesh; Pande, Satish","Season and landscape element wise changes in the community structure of avifauna of Tamhini, northern Western Ghats, India","Zoos’ Print Journal","","","","http://www.academia.edu/download/45803079/2807-2815.pdf","","2007","2016-08-10 08:47:40","2016-08-10 08:47:40","2016-08-10 08:47:40","2807–2815","","9","22","","","","","","","","","","","","","","","Google Scholar","","","","","","","","","","","","","","","","","","","","","","","","","","","","","","","","","","","","","","","","","","","","","","","","","","","","",""
"NG4KQF7V","journalArticle","1984","Sharma, R. M.; Das, A. K.","Further contribution to the knowledge of Zoocecidia of mangrove Avicennia marina (Forsk.) Vier","Records of the Zoological Survey of India","","","","","","1984","2016-08-10 16:09:51","2016-08-10 16:09:51","","123–126","","","81","","","","","","","","","","","","","","","Google Scholar","","","","","","","","","","","","","","","","","","","","","","","","","","","","","","","","","","","","","","","","","","","","","","","","","","","","",""
"WQTR25ZZ","journalArticle","2014","Padhye, Anand D.; Modak, Nikhil; Dahanukar, Neelesh","Indirana chiravasi, a new species of leaping frog (Anura: Ranixalidae) from Western Ghats of India","Journal of Threatened Taxa","","","","http://threatenedtaxa.org/index.php/JoTT/article/view/1124","","2014","2016-08-10 08:47:40","2016-08-10 08:47:40","2016-08-10 08:47:40","6293–6312","","10","6","","","Indirana chiravasi, a new species of leaping frog (Anura","","","","","","","","","","","","Google Scholar","","","","/Volumes/Doc/Zotero/storage/D3F9FG7F/2030.html; /Volumes/Doc/Zotero/storage/UVMBWQHF/1124.html","","","","","","","","","","","","","","","","","","","","","","","","","","","","","","","","","","","","","","","","","","","","","","","","",""
"VANJ82FE","journalArticle","2005","Dahanukar, Neelesh; Padhye, Anand","Amphibian diversity and distribution in Tamhini, northern Western Ghats","Current science","","","","http://www.currentscience.ac.in/Downloads/article_id_088_09_1496_1501_0.pdf","","2005","2016-08-10 08:47:40","2016-08-10 08:47:40","2016-08-10 08:47:40","","","9","88","","","","","","","","","","","","","","","Google Scholar","","","","/Volumes/Doc/Zotero/storage/UM7V3M8B/2005-Amphibian_diversity_and_distribution_in_Tamhini,_northern_Western_Ghats-DahanukarN-Journal_Article.pdf","","","","","","","","","","","","","","","","","","","","","","","","","","","","","","","","","","","","","","","","","","","","","","","","",""
"WX8X5UPQ","journalArticle","2012","Pande, Satish; Bastawade, Deshbhushan; Padhye, Anand; Pawashe, Amit","Diversity of scorpion fauna of Saswad-Jejuri, Pune District, Maharashtra, western India","Journal of Threatened Taxa","","","","http://threatenedtaxa.org/index.php/JoTT/article/view/1110","","2012","2016-08-10 08:50:56","2016-08-10 08:50:56","2016-08-10 08:50:56","2381–2389","","2","4","","","","","","","","","","","","","","","Google Scholar","","","","/Volumes/Doc/Zotero/storage/V64DRHKF/2002.html; /Volumes/Doc/Zotero/storage/7A5AQ34S/1110.html","","","","","","","","","","","","","","","","","","","","","","","","","","","","","","","","","","","","","","","","","","","","","","","","",""
"4FBGRF9I","journalArticle","2012","Padhye, Anand; Shelke, Sheetal; Dahanukar, Neelesh","Distribution and composition of butterfly species along the latitudinal and habitat gradients of the Western Ghats of India","Check List","","","","http://www.biotaxa.org/cl/article/view/8.6.1197","","2012","2016-08-10 08:50:56","2016-08-10 08:50:56","2016-08-10 08:50:56","1197–1215","","6","8","","","","","","","","","","","","","","","Google Scholar","","","","/Volumes/Doc/Zotero/storage/KFWD4U55/8.6.html","","","","","","","","","","","","","","","","","","","","","","","","","","","","","","","","","","","","","","","","","","","","","","","","",""
"PD4TWW3Z","journalArticle","2015","Modak, Nikhil; Dahanukar, Neelesh; Gosavi, Ninad; Padhye, Anand D.","Indirana salelkari, a new species of leaping frog (Anura: Ranixalidae) from Western Ghats of Goa, India","Journal of Threatened Taxa","","","","http://threatenedtaxa.org/index.php/JoTT/article/view/2175","","2015","2016-08-10 08:50:56","2016-08-10 08:50:56","2016-08-10 08:50:56","7493–7509","","9","7","","","Indirana salelkari, a new species of leaping frog (Anura","","","","","","","","","","","","Google Scholar","","","","/Volumes/Doc/Zotero/storage/9DZHS5VG/2015-Indirana_salelkari,_a_new_species_of_leaping_frog_(Anura-ModakN-Journal_Article.pdf; /Volumes/Doc/Zotero/storage/DMREZ9IQ/2175.html","","","","","","","","","","","","","","","","","","","","","","","","","","","","","","","","","","","","","","","","","","","","","","","","",""
"UWM6GQ2E","journalArticle","2014","Modak, Nikhil; Padhye, Anand; Dahanukar, Neelesh","Delimiting the distribution range of Indirana leithii (Boulenger, 1888)(Anura: Ranixalidae), an endemic threatened anuran of the Western Ghats, based on molecular and morphological analysis","Zootaxa","","","","https://www.researchgate.net/profile/Neelesh_Dahanukar/publication/262694041_Delimiting_the_distribution_range_of_Indirana_leithii_(Boulenger_1888)_(Anura_Ranixalidae)_an_endemic_threatened_anuran_of_the_Western_Ghats_based_on_molecular_and_morphological_analysis/links/53db20d60cf2a19eee8b4683.pdf","","2014","2016-08-10 09:09:29","2016-08-10 09:09:29","2016-08-10 09:09:29","62–80","","1","3796","","","Delimiting the distribution range of Indirana leithii (Boulenger, 1888)(Anura","","","","","","","","","","","","Google Scholar","","","","/Volumes/Doc/Zotero/storage/D5TZBTU6/2014-Delimiting_the_distribution_range_of_Indirana_leithii_(Boulenger,_1888)(Anura-ModakN-Journal_Article.pdf","","","","","","","","","","","","","","","","","","","","","","","","","","","","","","","","","","","","","","","","","","","","","","","","",""
"H8AIQCKB","journalArticle","2013","Padhye, Anand; Pandit, Rohan; Patil, Rajgopal; Gaikwad, Swapnil; Dahanukar, Neelesh; Shouche, Yogesh","Range extension of Ferguson Toad Duttaphrynus scaber (Schneider)(Amphibia: Anura: Bufonidae) up to the northern most limit of Western Ghats, with its advertisement call analysis","Journal of Threatened Taxa","","","","http://threatenedtaxa.org/index.php/JoTT/article/view/1487","","2013","2016-08-10 09:09:29","2016-08-10 09:09:29","2016-08-10 09:09:29","4579–4585","","11","5","","","Range extension of Ferguson Toad Duttaphrynus scaber (Schneider)(Amphibia","","","","","","","","","","","","Google Scholar","","","","/Volumes/Doc/Zotero/storage/ZDPENC8X/2722.html; /Volumes/Doc/Zotero/storage/B986A77N/1487.html","","","","","","","","","","","","","","","","","","","","","","","","","","","","","","","","","","","","","","","","","","","","","","","","",""
"XDIXFQ66","journalArticle","2015","Padhye, Anand D.; Jadhav, Anushree; Sulakhe, Shauri; Dahanukar, Neelesh","Sexual dimorphism in the Kudremukh Bush Frog (Anura: Rhacophoridae: Raorchestes tuberohumerus) of the Western Ghats, India, with a note on its distribution and conservation status","Journal of Threatened Taxa","","","","http://threatenedtaxa.org/index.php/JoTT/article/view/2018","","2015","2016-08-10 09:19:16","2016-08-10 09:19:16","2016-08-10 09:19:16","7211–7222","","6","7","","","Sexual dimorphism in the Kudremukh Bush Frog (Anura","","","","","","","","","","","","Google Scholar","","","","/Volumes/Doc/Zotero/storage/GU49D9I8/2015-Sexual_dimorphism_in_the_Kudremukh_Bush_Frog_(Anura-PadhyeA-Journal_Article.pdf; /Volumes/Doc/Zotero/storage/5GG36HQI/2018.html","","","","","","","","","","","","","","","","","","","","","","","","","","","","","","","","","","","","","","","","","","","","","","","","",""
"CZF72JE3","journalArticle","2014","Padhye, Anand D.; Modak, Nikhil; Dahanukar, Neelesh","Indirana chiravasi, a new species of leaping frog (Anura: Ranixalidae) from Western Ghats of India","Journal of Threatened Taxa","","","","http://threatenedtaxa.org/index.php/JoTT/article/view/1124","","2014","2016-08-10 09:19:16","2016-08-10 09:19:16","2016-08-10 09:19:16","6293–6312","","10","6","","","Indirana chiravasi, a new species of leaping frog (Anura","","","","","","","","","","","","Google Scholar","","","","/Volumes/Doc/Zotero/storage/9XP32RQR/2030.html; /Volumes/Doc/Zotero/storage/IZ2TZZT3/1124.html","","","","","","","","","","","","","","","","","","","","","","","","","","","","","","","","","","","","","","","","","","","","","","","","",""
"MB9J66UK","journalArticle","2003","Sharma, R. M.; Joshi, P. V.; Shindikar, Mahesh","First report on plant galls (zoocecidia) from mangrove swamps of Vikhroli, Maharashtra","Zoos’ Print Journal","","","","http://www.zoosprint.org/ZooPrintJournal/2003/October/1217-1219.pdf","","2003","2016-08-10 16:11:15","2016-08-10 16:11:15","2016-08-10 16:11:15","1217–1219","","10","18","","","","","","","","","","","","","","","Google Scholar","","","","/Volumes/Doc/Zotero/storage/PFTW2XU8/2003-First_report_on_plant_galls_(zoocecidia)_from_mangrove_swamps_of_Vikhroli,-SharmaR-Journal_Article.pdf","","","","","","","","","","","","","","","","","","","","","","","","","","","","","","","","","","","","","","","","","","","","","","","","",""
"3MT4U62F","journalArticle","2009","Sharma, R. M.","Checklist of Indian Gall midges (Diptera: Cecidomyiidae)","Available online with updates at http://www. zsi. gov. in/zoological-surveyofindia/zsidata/checklist/Indian% 20Gall% 20midges. pdf","","","","","","2009","2016-08-10 16:11:15","2016-08-10 16:11:15","","","","","","","","Checklist of Indian Gall midges (Diptera","","","","","","","","","","","","Google Scholar","","","","","","","","","","","","","","","","","","","","","","","","","","","","","","","","","","","","","","","","","","","","","","","","","","","","",""
"4EARNAGF","journalArticle","1978","Sharma, R. M.; Rao, S. N.","new gall-midge (Diptera: Cecidomyiidae) from India","Entomon","","","","http://agris.fao.org/agris-search/search.do?recordID=US201301382449","","1978","2016-08-10 16:11:15","2016-08-10 16:11:15","2016-08-10 16:11:15","","","","","","","new gall-midge (Diptera","","","","","","","","","","","","Google Scholar","","","","/Volumes/Doc/Zotero/storage/PFPZ9PAV/search.html","","","","","","","","","","","","","","","","","","","","","","","","","","","","","","","","","","","","","","","","","","","","","","","","",""
"NXEAIX8W","book","1983","Kandasamy, C.; Sharma, R. M.","A NEW PSYLLID GALL ON THE LEAVES OF ALSTONIA-KURZII HKF (APOCYNACEAE) FROM THE SOUTH ANDAMAN ISLANDS","","","","","","","1983","2016-08-10 16:11:15","2016-08-10 16:11:15","","","934–935","","52","","","","","19","","","CURRENT SCIENCE ASSN CV RAMAN AVENUE, PO BOX 8005, BANGALORE 560 080, INDIA","","","","","","","Google Scholar","","","","","","","","","","","","","","","","","","","","","","","","","","","","","","","","","","","","","","","","","","","","","","","","","","","","",""
"FUN42Z6U","journalArticle","2000","Sharma, R. M.; others","Checklist of Indian grass gall midges (Diptera: Cecidomyiidae) with their host grass (Poaceae) index","Zoos’ Print Journal","","","","http://zoosprint.org/ZooPrintJournal/2000/July/297-299.pdf","","2000","2016-08-10 16:11:15","2016-08-10 16:11:15","2016-08-10 16:11:15","297–299","","7","15","","","Checklist of Indian grass gall midges (Diptera","","","","","","","","","","","","Google Scholar","","","","/Volumes/Doc/Zotero/storage/N556R776/2000-Checklist_of_Indian_grass_gall_midges_(Diptera-SharmaR-Journal_Article.pdf","","","","","","","","","","","","","","","","","","","","","","","","","","","","","","","","","","","","","","","","","","","","","","","","",""
"Q7TK8KUF","journalArticle","1983","Tikader, B. K.; Bastawade, D. B.","Fauna of India: Scorpions","Scorpionida: Arachnida","","","","http://indianmedicine.eldoc.ub.rug.nl/root/T/125806/","","1983","2016-08-10 16:13:11","2016-08-10 16:13:11","2016-08-10 16:13:11","","","","3","","","Fauna of India","","","","","","","","","","","","Google Scholar","","","","/Volumes/Doc/Zotero/storage/358737ND/125806.html","","","","","","","","","","","","","","","","","","","","","","","","","","","","","","","","","","","","","","","","","","","","","","","","",""
"P9KEZBVK","journalArticle","1997","Bastawade, D. B.","Distribution of Neoscorpiops scorpions in the western ghats of Maharashtra and Gujarat and possible trichobothridial variations among isolated populations","JOURNAL-BOMBAY NATURAL HISTORY SOCIETY","","","","","","1997","2016-08-10 16:13:11","2016-08-10 16:13:11","","104–114","","","94","","","","","","","","","","","","","","","Google Scholar","","","","","","","","","","","","","","","","","","","","","","","","","","","","","","","","","","","","","","","","","","","","","","","","","","","","",""
"SEQQPCKJ","journalArticle","2006","Bastawade, D. B.","Arachnida: Scorpionida, Uropygi, Schizomida and Oncopodid Opiliones (Chelicerata)","Zool. Surv, India. Fauna of Arunachal Pradesh, State Fauna Series","","","","","","2006","2016-08-10 16:13:11","2016-08-10 16:13:11","","449–465","","2","13","","","Arachnida","","","","","","","","","","","","Google Scholar","","","","","","","","","","","","","","","","","","","","","","","","","","","","","","","","","","","","","","","","","","","","","","","","","","","","",""
"IC27QABC","journalArticle","1988","Cokendolpher, James C.; Sissom, W. David; Bastawade, D. B.","A new Schizomus from the Indian state of Maharashtra, with additional comments on eyed schizomids (Arachnida: Schizomidae)","Insecta mundi","","","","http://digitalcommons.unl.edu/cgi/viewcontent.cgi?article=1481&context=insectamundi","","1988","2016-08-10 16:13:11","2016-08-10 16:13:11","2016-08-10 16:13:11","482","","","","","","A new Schizomus from the Indian state of Maharashtra, with additional comments on eyed schizomids (Arachnida","","","","","","","","","","","","Google Scholar","","","","/Volumes/Doc/Zotero/storage/WWABCWBX/1988-A_new_Schizomus_from_the_Indian_state_of_Maharashtra,_with_additional_comments-CokendolpherJ-Journal_Article.pdf","","","","","","","","","","","","","","","","","","","","","","","","","","","","","","","","","","","","","","","","","","","","","","","","",""
"QQ2VKBP5","journalArticle","2002","Bastawade, D. B.","Three new species from the spider families Amaurobiidae, Thomisidae and Salticidae (Araneae: Arachnida) from India","JOURNAL-BOMBAY NATURAL HISTORY SOCIETY","","","","","","2002","2016-08-10 16:16:55","2016-08-10 16:16:55","","274–281","","2","99","","","Three new species from the spider families Amaurobiidae, Thomisidae and Salticidae (Araneae","","","","","","","","","","","","Google Scholar","","","","","","","","","","","","","","","","","","","","","","","","","","","","","","","","","","","","","","","","","","","","","","","","","","","","",""
"72354BTA","journalArticle","2007","Giribet, Gonzalo; Sharma, Prashant P.; Bastawade, Deshbhushan B.","A new genus and species of Cyphophthalmi (Arachnida: Opiliones) from the north-eastern states of India","Zoological Journal of the Linnean Society","","","","http://onlinelibrary.wiley.com/doi/10.1111/j.1096-3642.2007.00347.x/full","","2007","2016-08-10 16:16:55","2016-08-10 16:16:55","2016-08-10 16:16:55","663–670","","4","151","","","A new genus and species of Cyphophthalmi (Arachnida","","","","","","","","","","","","Google Scholar","","","","/Volumes/Doc/Zotero/storage/FMUIH639/2007-A_new_genus_and_species_of_Cyphophthalmi_(Arachnida-GiribetG-Journal_Article.pdf; /Volumes/Doc/Zotero/storage/ZM4SQDDX/full.html","","","","","","","","","","","","","","","","","","","","","","","","","","","","","","","","","","","","","","","","","","","","","","","","",""
"RSIASS4K","journalArticle","1987","Bastawade, D. B.","THE 1ST RECORD OF THE FAMILY ISCHNURIDAE (SCORPIONIDA, ARACHNIDA) FROM MAHARASHTRA WITH THE DESCRIPTION OF A NEW SPECIES OF A GENUS IOMACHUS POCOCK","Entomon","","","","","","1987","2016-08-10 16:16:55","2016-08-10 16:16:55","","101–104","","2","12","","","","","","","","","","","","","","","Google Scholar","","","","","","","","","","","","","","","","","","","","","","","","","","","","","","","","","","","","","","","","","","","","","","","","","","","","",""
"9XA8CX48","journalArticle","1985","Mahabal, Anil; Bastawade, D. B.","Population ecology and communal roosting behaviour of pariah kite Milvus migrans govinda in Pune(Maharashtra).","Journal of the Bombay Natural History Society. Bombay","","","","","","1985","2016-08-10 16:16:55","2016-08-10 16:16:55","","337–346","","2","82","","","","","","","","","","","","","","","Google Scholar","","","","","","","","","","","","","","","","","","","","","","","","","","","","","","","","","","","","","","","","","","","","","","","","","","","","",""
"REZS8PJ3","journalArticle","1990","Mahabal, Anil; Bastawade, D. B.; Vaidya, V. G.","Spatial and temporal fluctuations in the population of common myna Acridotheres tristis (linnaeus) in and around an indian city","Journal of the Bombay Natural History Society","","","","http://cat.inist.fr/?aModele=afficheN&cpsidt=5525057","","1990","2016-08-10 16:18:28","2016-08-10 16:18:28","2016-08-10 16:18:28","392–398","","3","87","","","","","","","","","","","","","","","Google Scholar","","","","/Volumes/Doc/Zotero/storage/ZC56QR9U/cat.inist.fr.html","","","","","","","","","","","","","","","","","","","","","","","","","","","","","","","","","","","","","","","","","","","","","","","","",""
"GZEIKZN9","journalArticle","1992","Bastawade, D. B.","First report of an arachnid order Cyphophthalmi (da) from India in Arunachal Pradesh","Journal, Bombay Natural History Society","","","","","","1992","2016-08-10 16:18:28","2016-08-10 16:18:28","","268–269","","","89","","","","","","","","","","","","","","","Google Scholar","","","","","","","","","","","","","","","","","","","","","","","","","","","","","","","","","","","","","","","","","","","","","","","","","","","","",""
"I8KRVBWR","journalArticle","2006","Bastawade, D. B.","Replacement name for Amaurobius indicus and its transfer to family Corinnidae (Arachnida: Araneae)","Zoos’ Print J","","","","","","2006","2016-08-10 16:18:28","2016-08-10 16:18:28","","2307","","","21","","","Replacement name for Amaurobius indicus and its transfer to family Corinnidae (Arachnida","","","","","","","","","","","","Google Scholar","","","","","","","","","","","","","","","","","","","","","","","","","","","","","","","","","","","","","","","","","","","","","","","","","","","","",""